[
  {
    "title": "Black Coffee",
    "description": "Svart kaffe är så enkelt som det kan bli med malda kaffebönor dränkta i hett vatten, serverat varmt. Och om du vill låta fancy kan du kalla svart kaffe med sitt rätta namn: café noir.",
    "ingredients": [
      "Coffee"
    ],
    "image": "https://images.unsplash.com/photo-1494314671902-399b18174975?auto=format&fit=crop&q=80&w=1887&ixlib=rb-4.0.3&ixid=M3wxMjA3fDB8MHxwaG90by1wYWdlfHx8fGVufDB8fHx8fA%3D%3D",
    "id": 1,
    "category": 1
  },
  {
    "title": "Latte",
    "description": "Som den mest populära kaffedrycken där ute består latte av en skvätt espresso och ångad mjölk med bara en gnutta skum. Den kan beställas utan smak eller med smak av allt från vanilj till pumpa kryddor.",
    "ingredients": [
      "Espresso",
      "Ångad mjölk"
    ],
    "image": "https://images.unsplash.com/photo-1561882468-9110e03e0f78?auto=format&fit=crop&q=60&w=800&ixlib=rb-4.0.3&ixid=M3wxMjA3fDB8MHxzZWFyY2h8MTl8fGxhdHRlfGVufDB8fDB8fHww",
    "id": 2,
    "category": 1
  },
  {
    "title": "Caramel Latte",
    "description": "Om du gillar latte med en speciell smak kan karamell latte vara det bästa alternativet för att ge dig en upplevelse av den naturliga sötman och krämigheten hos ångad mjölk och karamell.",
    "ingredients": [
      "Espresso",
      "Ångad mjölk",
      "Karamellsirap"
    ],
    "image": "https://images.unsplash.com/photo-1599398054066-846f28917f38?auto=format&fit=crop&q=80&w=1887&ixlib=rb-4.0.3&ixid=M3wxMjA3fDB8MHxwaG90by1wYWdlfHx8fGVufDB8fHx8fA%3D%3D",
    "id": 3,
    "category": 1
  },
  {
    "title": "Cappuccino",
    "description": "Cappuccino är en latte som är gjord med mer skum än ångad mjölk, ofta med ett strö av kakaopulver eller kanel på toppen. Ibland kan du hitta variationer som använder grädde istället för mjölk eller sådana som tillsätter smakämnen också.",
    "ingredients": [
      "Espresso",
      "Ångad mjölk",
      "Foam"
    ],
    "image": "https://images.unsplash.com/photo-1557006021-b85faa2bc5e2?auto=format&fit=crop&q=80&w=1887&ixlib=rb-4.0.3&ixid=M3wxMjA3fDB8MHxwaG90by1wYWdlfHx8fGVufDB8fHx8fA%3D%3D",
    "id": 4,
    "category": 1
  },
  {
    "title": "Americano",
    "description": "Med en liknande smak som svart kaffe består americano av en espresso skott utspätt med hett vatten.",
    "ingredients": [
      "Espresso",
      "Hett vatten"
    ],
    "image": "https://images.unsplash.com/photo-1532004491497-ba35c367d634?auto=format&fit=crop&q=80&w=1887&ixlib=rb-4.0.3&ixid=M3wxMjA3fDB8MHxwaG90by1wYWdlfHx8fGVufDB8fHx8fA%3D%3D",
    "id": 5,
    "category": 1
  },
  {
    "title": "Espresso",
    "description": "Ett espressoskott kan serveras ensamt eller användas som grund för de flesta kaffedrycker, som latte och macchiato.",
    "ingredients": [
      "Espresso"
    ],
    "image": "https://images.unsplash.com/photo-1579992357154-faf4bde95b3d?auto=format&fit=crop&q=80&w=1887&ixlib=rb-4.0.3&ixid=M3wxMjA3fDB8MHxwaG90by1wYWdlfHx8fGVufDB8fHx8fA%3D%3D",
    "id": 6,
    "category": 1
  },
  {
    "title": "Macchiato",
    "description": "Macchiaton är en annan espresso-baserad dryck som har en liten mängd skum på toppen. Det är det glada mellanrummet mellan en cappuccino och en doppio.",
    "ingredients": [
      "Espresso",
      "Foam"
    ],
    "image": "https://images.unsplash.com/photo-1557772611-722dabe20327?auto=format&fit=crop&q=80&w=1887&ixlib=rb-4.0.3&ixid=M3wxMjA3fDB8MHxwaG90by1wYWdlfHx8fGVufDB8fHx8fA%3D%3D",
    "id": 7,
    "category": 1
  },
  {
    "title": "Mocha",
    "description": "För alla chokladälskare där ute kommer ni att bli förälskade i en mocha. Mocha är en choklad-espressodryck med ångad mjölk och skum.",
    "ingredients": [
      "Espresso",
      "Ångad mjölk",
      "Choklad"
    ],
    "image": "https://images.unsplash.com/photo-1607260550778-aa9d29444ce1?auto=format&fit=crop&q=80&w=1887&ixlib=rb-4.0.3&ixid=M3wxMjA3fDB8MHxwaG90by1wYWdlfHx8fGVufDB8fHx8fA%3D%3D",
    "id": 8,
    "category": 1
  },
  {
    "title": "Hot Chocolate",
    "description": "Under kalla vinterdagar får en kopp varm choklad dig att känna dig bekväm och lycklig. Den får dig också att må bra eftersom den innehåller energigivande koffein.",
    "ingredients": [
      "Choklad",
      "Mjölk"
    ],
    "image": "https://images.unsplash.com/photo-1542990253-0d0f5be5f0ed?auto=format&fit=crop&q=60&w=800&ixlib=rb-4.0.3&ixid=M3wxMjA3fDB8MHxzZWFyY2h8NDh8fGhvdCUyMGNob2NvbGF0ZXxlbnwwfHwwfHx8MA%3D%3D",
    "id": 9,
    "category": 1
  },
  {
    "title": "Chai Latte",
    "description": "Om du letar efter en smakfull varm dryck mitt i vintern, välj chai latte. Kombinationen av kardemumma och kanel ger en underbar smak.",
    "ingredients": [
      "Te",
      "Mjölk",
      "Ingefära",
      "Kardemumma",
      "Kanel"
    ],
    "image": "https://images.unsplash.com/photo-1578899952107-9c390f1af1b7?w=900&auto=format&fit=crop&q=60&ixlib=rb-4.0.3&ixid=M3wxMjA3fDB8MHxzZWFyY2h8MTJ8fGNoYWklMjBsYXR0ZXxlbnwwfHwwfHx8MA%3D%3D",
    "id": 10,
    "category": 1
  },
  {
    "title": "Matcha Latte",
    "description": "Matcha latte är en grön, hälsosam kaffedryck med finkrossad matcha-te och mjölk, erbjuder mild sötma, en unik smak och en mild koffeinkick.",
    "ingredients": [
      "Matcha-pulver",
      "Mjölk",
      "Socker*"
    ],
    "image": "https://images.unsplash.com/photo-1536256263959-770b48d82b0a?w=900&auto=format&fit=crop&q=60&ixlib=rb-4.0.3&ixid=M3wxMjA3fDB8MHxzZWFyY2h8M3x8bWF0Y2hhJTIwbGF0dGV8ZW58MHx8MHx8fDA%3D",
    "id": 11,
    "category": 1
  },
  {
    "title": "Seasonal Brew",
    "description": "Säsongs kaffe med olika smaktoner som karamell, frukt och choklad",
    "ingredients": [
      "Kaffe"
    ],
    "image": "https://images.unsplash.com/photo-1611162458324-aae1eb4129a4?w=900&auto=format&fit=crop&q=60&ixlib=rb-4.0.3&ixid=M3wxMjA3fDB8MHxzZWFyY2h8MTg1fHxibGFjayUyMGNvZmZlZXxlbnwwfHwwfHx8MA%3D%3D",
    "id": 12,
    "category": 1
  },
  {
    "title": "Svart Te",
    "description": "Svart te föddes i Kina. Det är tillverkat av blad från en växt som kallas Camellia och kan smaksättas olika med frukter till exempel. En trevlig, varm, smakfull och aromatisk dryck som passar till vardagen.",
    "ingredients": [
      "Te"
    ],
    "image": "https://images.unsplash.com/photo-1576092768241-dec231879fc3?auto=format&fit=crop&q=60&w=800&ixlib=rb-4.0.3&ixid=M3wxMjA3fDB8MHxzZWFyY2h8MjB8fHRlYXxlbnwwfHwwfHx8MA%3D%3D",
    "id": 13,
    "category": 1
  },
  {
    "title": "Islatte",
    "description": "Iced latte är en kyld kaffedryck som görs genom att blanda espresso och kyld mjölk. Den serveras med isbitar och är även känd som cafè latte iced eller latte on the rocks.",
    "ingredients": [
      "Espresso",
      "Mjölk",
      "Is",
      "Sirap"
    ],
    "image": "https://images.unsplash.com/photo-1517701550927-30cf4ba1dba5?auto=format&fit=crop&q=60&w=800&ixlib=rb-4.0.3&ixid=M3wxMjA3fDB8MHxzZWFyY2h8NHx8aWNlZCUyMGxhdHRlfGVufDB8fDB8fHww",
    "id": 14,
    "category": 1
  },
  {
    "title": "Islatte Mocha",
    "description": "Iced latte Mocha är en kombination av latte och mocha, som i sig är en kombination av choklad och kaffe. Den ger kalla dryckälskare en läcker upplevelse av choklad och kaffe.",
    "ingredients": [
      "Espresso",
      "Is",
      "Mjölk",
      "Choklad "
    ],
    "image": "https://images.unsplash.com/photo-1642647391072-6a2416f048e5?auto=format&fit=crop&q=60&w=800&ixlib=rb-4.0.3&ixid=M3wxMjA3fDB8MHxzZWFyY2h8Mzh8fGljZWQlMjBtb2NoYSUyMGxhdHRlfGVufDB8fDB8fHww",
    "id": 15,
    "category": 1
  },
  {
    "title": "Frapino Caramel",
    "description": "Det är en blandad eller bättre sagt skakad kaffe med vispad grädde på toppen. Ett måste för varma sommardagar.",
    "ingredients": [
      "coffee",
      "Is",
      "Mjölk",
      "Karamellsirap",
      "Vispgrädde*",
      "Karamellsås"
    ],
    "image": "https://images.unsplash.com/photo-1662047102608-a6f2e492411f?auto=format&fit=crop&q=60&w=800&ixlib=rb-4.0.3&ixid=M3wxMjA3fDB8MHxzZWFyY2h8NHx8ZnJhcGlubyUyMGNhcmFtZWx8ZW58MHx8MHx8fDA%3D",
    "id": 16,
    "category": 1
  },
  {
    "title": "Frapino Mocka",
    "description": "Ännu en berömd och utsökt kall dryck för dem som föredrar choklad. Tänk dig smaken av en shake med choklad och vispad grädde på toppen.",
    "ingredients": [
      "Coffee",
      "Is",
      "Mjölk",
      "Cocoa",
      "Vispgrädde*"
    ],
    "image": "https://images.unsplash.com/photo-1530373239216-42518e6b4063?auto=format&fit=crop&q=60&w=800&ixlib=rb-4.0.3&ixid=M3wxMjA3fDB8MHxzZWFyY2h8NHx8ZnJhcGlubyUyMG1vY2hhfGVufDB8fDB8fHww",
    "id": 17,
    "category": 1
  },
  {
    "title": "Apelsinjuice",
    "description": "Vi har inget att säga om vår nypressade apelsinjuice. Du måste prova den själv.",
    "ingredients": [
      "Färska Apelsiner",
      "Is"
    ],
    "image": "https://images.unsplash.com/photo-1600271886742-f049cd451bba?auto=format&fit=crop&q=60&w=800&ixlib=rb-4.0.3&ixid=M3wxMjA3fDB8MHxzZWFyY2h8NzF8fG9yYW5nZSUyMGp1aWNlfGVufDB8fDB8fHww",
    "id": 18,
    "category": 1
  },
  {
    "title": "Frozen Lemonade",
    "description": "Frozen lemonade är en uppfriskande sommardryck som kombinerar färskpressad citronsaft, is och sötning till en svalkande, syrlig och sötsyrlig smaksensation.",
    "ingredients": [
      "Citronsaft",
      "Is",
      "Socker*"
    ],
    "image": "https://images.unsplash.com/photo-1523371054106-bbf80586c38c?w=900&auto=format&fit=crop&q=60&ixlib=rb-4.0.3&ixid=M3wxMjA3fDB8MHxzZWFyY2h8MTZ8fGxlbW9uYWRlJTIwd2l0aCUyMGljZXxlbnwwfHwwfHx8MA%3D%3D",
    "id": 19,
    "category": 1
  },
  {
    "title": "Lemonad",
    "description": "Var känd i Paris först och blev sedan mycket populär i hela Europa. Denna söta, färglösa, kolsyrade dryck görs genom att blanda citronsaft och kolsyrat vatten.",
    "ingredients": [
      "Citronsaft",
      "Kolsyrat vatten",
      "Honung"
    ],
    "image": "https://images.unsplash.com/photo-1621263764928-df1444c5e859?auto=format&fit=crop&q=60&w=800&ixlib=rb-4.0.3&ixid=M3wxMjA3fDB8MHxzZWFyY2h8Nnx8bGVtb25hZGV8ZW58MHx8MHx8fDA%3D",
    "id": 20,
    "category": 1
  },
  {
    "title": "Iced Coffee",
    "description": "A coffee with ice, typically served with a dash of milk, cream or sweetener—iced coffee is really as simple as that.",
    "ingredients": [
      "Coffee",
      "Ice",
      "Sugar*",
      "Cream*"
    ],
    "image": "https://upload.wikimedia.org/wikipedia/commons/d/d8/Blue_Bottle%2C_Kyoto_Style_Ice_Coffee_%285909775445%29.jpg",
    "id": 1,
    "category": 2
  },
  {
    "title": "Iced Espresso",
    "description": "Like an iced coffee, iced espresso can be served straight or with a dash of milk, cream or sweetener. You can also ice speciality espresso-based drinks like americanos, mochas, macchiatos, lattes and flat whites.",
    "ingredients": [
      "Espresso",
      "Ice",
      "Sugar*",
      "Cream*"
    ],
    "image": "https://upload.wikimedia.org/wikipedia/commons/b/b0/Home_Made_Ice_Coffee.jpg",
    "id": 2,
    "category": 2
  },
  {
    "title": "Cold Brew",
    "description": "The trendiest of the iced coffee bunch, cold brew coffees are made by steeping coffee beans from anywhere between 6-36 hours, depending on how strong you would like your cold brew. Once the beans are done steeping, add cold milk or cream.",
    "ingredients": [
      "Long steeped coffee",
      "Ice"
    ],
    "image": "https://upload.wikimedia.org/wikipedia/commons/thumb/f/ff/ColdBrewCoffeein_Cans.png/640px-ColdBrewCoffeein_Cans.png",
    "id": 3,
    "category": 2
  },
  {
    "title": "Frappuccino",
    "description": "Made famous by Starbucks, the Frappuccino is a blended iced coffee drink that’s topped with whipped cream and syrup. ",
    "ingredients": [
      "Espresso",
      "Blended ice",
      "Whip*"
    ],
    "image": "https://upload.wikimedia.org/wikipedia/commons/2/2c/Strawberry_Delight_Frappuccino.JPG",
    "id": 4,
    "category": 2
  },
  {
    "title": "Nitro",
    "description": "A cold brew + nitrogen bubbles = a cold brew coffee with a frothy, Guinness-like consistency. (It’s poured via a nitro tap, too.)",
    "ingredients": [
      "Coffee",
      "Nitrogen bubbles",
      "Sugar*",
      "Cream*"
    ],
    "image": "https://upload.wikimedia.org/wikipedia/commons/7/76/Nitro_Cold_Brew.jpg",
    "id": 5,
    "category": 2
  },
  {
    "title": "Mazagran",
    "description": "Mazagran coffee is a cross between iced coffee, tea and your favorite rum drink. It typically consists of espresso, lemon, sugar and (sometimes) rum.",
    "ingredients": [
      "Coffee",
      "Sugar",
      "Lemon",
      "Rum*"
    ],
    "image": "https://upload.wikimedia.org/wikipedia/commons/c/c1/Caf%C3%A9_mazagran.jpg",
    "id": 6,
    "category": 2
  }

]
